account_name,owner_public_key,active_public_key
eossf.m,EOS8KdMGsKjw2uYeqtPoNagxHFwaBYKUSS9GgFD4v51D3LjPKvJre,EOS8KdMGsKjw2uYeqtPoNagxHFwaBYKUSS9GgFD4v51D3LjPKvJre
eosbeijing.m,EOS7FFPLDakL3ybArPjxfb3jSCKE8L5EjG7sFXM6T2HYCVkR5zfkK,EOS5eXuDbQbRtDt3evLkXJPrN6WdBt4aJHP4eMpLZLgYBqFyxty9s
tlsnewyork.m,EOS5XuWTP1opJ8FF11b4wAdHUfZ9pCdkEH7vJvBceGPYMDqQhvSTQ,EOS5hgark6RRLbUWyyU9cj4MoaxaHAWHmijGcBqbP96Xai1yTM6oP
eosasia.m,EOS83HZEdUFuB5krCYLHSosMUuguxYh7QhwbHZDYBwsLAyuiJcbFi,EOS5G83XMHXGmnne3tXopUfCfxMx3kJbToSzTu6C5UgpSAvjAEtyA
eossv.m,EOS7YDNMpVUYbj14RaYqgXTaibrvF3KZyyanLxVn2AiKT5Z9tbYzB,EOS5KUhBTL3pWUH9ZXabjVbnCJs7bH9DL1midZEkewGTg9GYcmZvc
eosiosg.m,EOS5SxW188pWGqhNeo5s8of48JTAQYy6NEY332D5QNrtCXCfNbmwW,EOS4vN8LnwM53p4gY2cE5rvYsqJGzzokuNURdoZtD6fTUonEj8uCv
eosdublin.m,EOS6wcmV2GcCSmqiUThGrig54jQG7nBnBu4DrxZG1LrRE7podhAwW,EOS61K3mjp4VeNf1weq7VTM5ADrSncsrSvbq5dQtFGD7oz2anP44c
argentina.m,EOS6pnUFKrhNrUjCaeYQ7xLxnMJxde9ASWutdxUSbTScACkW3gYb9,EOS68BZ4ZXQZMBaFt5K2xXhXXaXEyGBr6ef9g2dWm5e1USqkU4721
mtonegoing.m,EOS4y5qHm4Bye6XZVUyCyyB3NSwAYVBMBKQkVVngzCBDMkJzasytt,EOS4y5qHm4Bye6XZVUyCyyB3NSwAYVBMBKQkVVngzCBDMkJzasytt
eclipse24.m,EOS5wNffgQPwNYHrdF8j5AKxM3MvXRSYn3KtuY1eEftHexaeSdfme,EOS7fTSAABDm6uqJpEYhNosiXpb6VEcEAYxfJU8STNgyeoApUchnX
store.m,EOS7Ga5uCNsFatY63gvZt1wA7pzQAZeWv3UiKpq82wfj5UQo6rUXk,EOS4z9sGASbWRyWk3sYBjVbXmQbhK1tUD2fPFR67GnkCHugmnz8S8
gravity.m,EOS6mG7jTHhuwa7Je9S1yWWQk2ZWk67VWSeL2p5VC7HaG6dH25KwL,EOS6HDHDrDWuWrCyrsLNgch4smwsXNrqM3cz3tz5wvvSsdTepvxHR
eosnation.m,EOS7nEQRWx6TBfHmyY1HFrkdmFYJ9JpKrxBtssZcNibpaYJR75qZB,EOS7nEQRWx6TBfHmyY1HFrkdmFYJ9JpKrxBtssZcNibpaYJR75qZB
eosandiego.m,EOS7ciGH7gd7TNxKSsKYJAmFURiLXeDc5QLyoAacdF55AZoHxZPaD,EOS4xUtQNCJ4bi7WEdmSife5Y2SN5Zn26buvEXfCVCUHsPfttceyv
alohaeos.m,EOS6ZtMCx7eCkNxkRcizJm7J5Fr13YKtaBEx6PtETnh1ihoHRZvWU,EOS78HsfEPsRF6deoc3sideVYePer5VUrsc5xAGmuTyutLrhKzggc
acroeos.m,EOS6izmXh8GDpSgDZ4TfUnvcP5rKLMTwNa2PLXMdgNyh2c55VQstj,EOS6g4aD6ZxnZzdNZsYtXxUFBdjyf6kqrFBg9jaZ3Zwe7RjdNRaMy
onepacific.m,EOS7vPdqfFzibUGma1fhL7MiWj6cNrFsEu2uerTtzvvcQ6JafBqm1,EOS5wAvdsrtc71yD4UuneVJUV2McyeAAewzr6G8pauaXtmJYZhcMe
eosnairobi.m,EOS5AqEduABPKhmp29E8LdzRFqza246Pz4yvdf6Sm833AHmbgentU,EOS7JgUqEvdQQitXbC5JUhT7jaUUzy3xzs1qFTyJ17mR4TMMJXcYy
eosphere.m,EOS7USJsKyParMRM1sYUypQVMFP3uFNY5QHb9mSdcVzB1Zqnuub6E,EOS5Qkj3DtHEbKKnBSHvbZQKq3vBkrsHhtNEoVXhaXyss5kNRoYZK
dposing.m,EOS8LoWeTJJmm5qbrdCmq3iHfx2o4LsBkdL1GwmNSGtA5CrfrYd1k,EOS85AucMQgBM2umwL4sLydxPJkMabeGAg7efGD1wcLGQNGciu1TM
atticlab.m,EOS4vrzB1SNUM8ZTdQ93FDkUTEFt8PPJk9BqfoZ35Wx3RqRjvDT74,EOS6zGLFMmmN2jBySstW2yPHH2V7DgzYCTmg9cAc1671RgpnTVDcd
eospark.m ,EOS7kB9BmEY4mMB8WETqPvUnX2GTkxiteBpRxBxPrTXfRnEhzfk8V,EOS7kB9BmEY4mMB8WETqPvUnX2GTkxiteBpRxBxPrTXfRnEhzfk8V
starteosio.m,EOS4x9iwJSpUjZz3CbVfpZtzUbyZ2aeaXZMPbhS2hPsVDbneQgdLb,EOS8S7aNaZ36df5XvpLrufpVjWTrvnp3HSZDC3cisfnQDcJUiYMZY
eostribe.m,EOS8LuzMKzRKgD1fjEWFgEe73Pcp1uteezQBeqyKSrqovEekTbiRD,EOS6J5d6rwHJYPZnuv7KRrf5cekTf3atRTjMgbU1YMKuNnrgGvEdE
venezuela.m,EOS7N7PBP77Ck2fuZuTd14J8Nf8vBgAvdkPxUn7w8Z6GVvhpx8eZi,EOS88r3in9hPXhWwwvjjSsVwcy9hdRQHKtG8zc2FtxFTt7Uo6WmR2
eoscannon.m,EOS8XduTXf9TdRkWUFRnEksZjDzzarKzsLZbXgfnZDe8U3oym2CBv,EOS7B9jtpu6LwjWu5JvjoooSXHdVPGs7rLvXcT2KotFm4jqHfZRVp
infinity.m,EOS8QU9ZdAeytzFozo3He1skbrZoZ6ig2EkLV7zR7ohMhfD5nJJSP,EOS6DKqyXhhQdejJHNNAuac7KE9cmoCoWoYY7i5AKwXFtALK6Rx9p
tvenezuela.m,EOS5aUWhCtg7y8MqNx4FkTsFcubDEoy5DZi6u1afyeZHCVene2i95,EOS5yACej7jNCTurg9ivq6735suKLCt98R7cRPLCimq4QSjSPRAyZ
meetotasia.m,EOS7dM6oenMSzsyRisBh5DU4XKhnBZfDV1FtZjamjDQyjQgWkv8XS,EOS4zHoBp9fTvHQ9D7fYyxo3DAb8NEsdY3N4QrzYg5Jc8LrTLmZC3
blockgo.m,EOS5X3oCRW5JiCX6DXoALqo5bGiMsSdqqh8pLLSmUfPLR8iYTfpwK,EOS5AuWFjfosVzEBQTKYHwdTN7g87suQe7JK3sZKXtVMZYvVAG51z
barcelona.m,EOS6yCJu6bdVGR3yTBtcurRWiNRdDxUchiknnbyq6D9EkTHYC1gf9,EOS4vyvpfKGc8sCPokgDNWvi2vg9iUMwTh1ZvNHbjarNw5mPxnTJZ
blckchnd.m,EOS8Fo2vK94P54n5gG64vKNXQHJWs7CA66afo34z8eMpQgqsCYzVW,EOS7UAkugEyGPj35sQm5BfUihqGnq6vwdeDksn5Eau1bsBqcNxZXR
telosdac.m,EOS6csXV9LPh6rZPBf1w8EutinJbuHA2D5LbaEDaoqRHhf4ix5Hov,EOS6y72PVE1b53c62xwoKbj4ErDXfNJiBGPSi2sGt28vRN5qTdTua
meetarabia.m,EOS8f9yHgDkTW9z3AkkxQGNGS22FKoSMC3FAuyxTBch4862CAH5i1,EOS7JJmpwmJfqyHm333gCYPBUGaTAqjHVbavrEYYuxwUbRWPaBhiV
cryptolion.m,EOS7K9wp9R9vYyG2RwbYJVHPeprHXjhSyV8c3LSrkqLion18onQGa,EOS7gx5ta5xmRqQwribqHuHGJN3w4b9XJvs2CCLFpCZVXLioNB5tD
sweden.m,EOS67UET6uav4sEdGDsEQgPtTKNz6NSWEDenBA91aF8aDkarQc2GN,EOS6gPgoapYMya7PRSKxe5HyXa5X6L1FVHZcK1ytr26pEUkDzKSwe
eossweden.m,EOS67UET6uav4sEdGDsEQgPtTKNz6NSWEDenBA91aF8aDkarQc2GN,EOS6gPgoapYMya7PRSKxe5HyXa5X6L1FVHZcK1ytr26pEUkDzKSwe
meetsweden.m,EOS67UET6uav4sEdGDsEQgPtTKNz6NSWEDenBA91aF8aDkarQc2GN,EOS6gPgoapYMya7PRSKxe5HyXa5X6L1FVHZcK1ytr26pEUkDzKSwe
block.m,EOS6zaxWfbwdMfgeNepJpN264Fm2yq3oGGQBq325Gz9n57xcpzY16,EOS6zaxWfbwdMfgeNepJpN264Fm2yq3oGGQBq325Gz9n57xcpzY16
dzb.m,EOS8hDMa6nUUvhkUQMjLht1XvdHUNELqR8jrrHWBcKxZQDFEAWMLS,EOS8hDMa6nUUvhkUQMjLht1XvdHUNELqR8jrrHWBcKxZQDFEAWMLS
